ISO Week Start Date,Country,Product,Avg Raw Material Cost,Avg Revenue,Units Produced,Units Sold,Cost per Unit Produced,Revenue per Unit Sold
2013-12-30,United States,Product A,15657.784200990503,71858.31274165974,170,225,92.10461294700296,319.37027885182107
2013-12-30,United States,Product B,14310.155049708981,45315.08156801655,139,153,102.95075575330202,296.17700371252647
2013-12-30,United States,Overhead,15646.472717358622,47011.915025050934,166,158,94.25585974312423,297.543765981335
2013-12-30,Canada,Product A,14837.853056309295,72629.40384615384,134,198,110.73024668887534,366.8151709401709
2013-12-30,Canada,Product B,15087.246030333783,45383.24487756569,125,127,120.69796824267027,357.34838486272196
2013-12-30,Canada,Overhead,15298.83928985491,45988.10852062414,148,119,103.3705357422629,386.45469345062304
2013-12-30,Mexico,Product A,15821.840776503608,77965.30713028912,156,237,101.42205625963851,328.9675406341313
2013-12-30,Mexico,Product B,14799.149542107385,46687.939318947596,134,126,110.4414144933387,370.53920094402855
2013-12-30,Mexico,Overhead,15205.342766765218,45792.246612919065,166,146,91.5984504022001,313.645524746021
2014-01-06,United States,Product A,15657.784200990503,71858.31274165974,130,174,120.44449385377311,412.9788088601135
2014-01-06,United States,Product B,14310.155049708981,45315.08156801655,127,110,112.67838621818095,411.9552869819686
2014-01-06,United States,Overhead,15646.472717358622,47011.915025050934,172,118,90.96786463580594,398.4060595343299
2014-01-06,Canada,Product A,14837.853056309295,72629.40384615384,145,173,102.33002107799514,419.82314361938637
2014-01-06,Canada,Product B,15087.246030333783,45383.24487756569,163,136,92.55979159713978,333.70032998210064
2014-01-06,Canada,Overhead,15298.83928985491,45988.10852062414,157,113,97.44483624111407,406.9744116869393
2014-01-06,Mexico,Product A,15821.840776503608,77965.30713028912,187,192,84.60877420590165,406.0693079702558
2014-01-06,Mexico,Product B,14799.149542107385,46687.939318947596,154,107,96.09837365004796,436.33588148549154
2014-01-06,Mexico,Overhead,15205.342766765218,45792.246612919065,123,146,123.62067290053022,313.645524746021
2014-01-13,United States,Product A,15657.784200990503,71858.31274165974,147,231,106.51553878224833,311.07494693359195
2014-01-13,United States,Product B,14310.155049708981,45315.08156801655,123,112,116.34272398137384,404.5989425715763
2014-01-13,United States,Overhead,15646.472717358622,47011.915025050934,183,147,85.49985091452798,319.8089457486458
2014-01-13,Canada,Product A,14837.853056309295,72629.40384615384,125,202,118.70282445047437,359.5515041888804
2014-01-13,Canada,Product B,15087.246030333783,45383.24487756569,144,116,104.77254187731793,391.23486963418696
2014-01-13,Canada,Overhead,15298.83928985491,45988.10852062414,136,138,112.49146536658021,333.24716319292855
2014-01-13,Mexico,Product A,15821.840776503608,77965.30713028912,180,194,87.89911542502004,401.88302644478927
2014-01-13,Mexico,Product B,14799.149542107385,46687.939318947596,137,147,108.02298935844807,317.6050293805959
2014-01-13,Mexico,Overhead,15205.342766765218,45792.246612919065,182,107,83.54583937783087,427.964921616066
2014-01-20,United States,Product A,15657.784200990503,71858.31274165974,128,243,122.32643907023831,295.71322115909356
2014-01-20,United States,Product B,14310.155049708981,45315.08156801655,122,107,117.29635286646706,423.5054352151079
2014-01-20,United States,Overhead,15646.472717358622,47011.915025050934,139,139,112.56455192344332,338.2152160075607
2014-01-20,Canada,Product A,14837.853056309295,72629.40384615384,167,241,88.84941949885805,301.36682093839767
2014-01-20,Canada,Product B,15087.246030333783,45383.24487756569,174,104,86.70831051915967,436.3773545919778
2014-01-20,Canada,Overhead,15298.83928985491,45988.10852062414,127,131,120.46330149492056,351.0542635162148
2014-01-20,Mexico,Product A,15821.840776503608,77965.30713028912,129,209,122.64992850002797,373.03974703487614
2014-01-20,Mexico,Product B,14799.149542107385,46687.939318947596,162,138,91.35277495128015,338.3184008619391
2014-01-20,Mexico,Overhead,15205.342766765218,45792.246612919065,130,116,116.96417512896322,394.7607466630954
2014-01-27,United States,Product A,15657.784200990503,71858.31274165974,134,170,116.84913582828734,422.69595730388085
2014-01-27,United States,Product B,14310.155049708981,45315.08156801655,116,136,123.36340560093949,333.19912917659224
2014-01-27,United States,Overhead,15646.472717358622,47011.915025050934,128,130,122.23806810436423,361.6301155773149
2014-01-27,Canada,Product A,14837.853056309295,72629.40384615384,134,218,110.73024668887534,333.16240296400844
2014-01-27,Canada,Product B,15087.246030333783,45383.24487756569,125,115,120.69796824267027,394.6369119788321
2014-01-27,Canada,Overhead,15298.83928985491,45988.10852062414,145,123,105.509236481758,373.8870611432857
2014-01-27,Mexico,Product A,15821.840776503608,77965.30713028912,179,228,88.39017193577435,341.95310144863646
2014-01-27,Mexico,Product B,14799.149542107385,46687.939318947596,138,138,107.24021407324192,338.3184008619391
2014-01-27,Mexico,Overhead,15205.342766765218,45792.246612919065,166,124,91.5984504022001,369.2923113945086
2014-02-03,United States,Product A,15657.784200990503,71858.31274165974,131,187,119.52507023656872,384.26905209443714
2014-02-03,United States,Product B,14310.155049708981,45315.08156801655,152,118,94.14575690598014,384.02611498319106
2014-02-03,United States,Overhead,15646.472717358622,47011.915025050934,145,117,107.9067083955767,401.81123953034984
2014-02-03,Canada,Product A,14837.853056309295,72629.40384615384,163,193,91.02977335159078,376.3181546432842
2014-02-03,Canada,Product B,15087.246030333783,45383.24487756569,129,114,116.95539558398282,398.098639276892
2014-02-03,Canada,Overhead,15298.83928985491,45988.10852062414,177,138,86.43412028166615,333.24716319292855
2014-02-03,Mexico,Product A,15821.840776503608,77965.30713028912,142,229,111.4214139190395,340.45985646414465
2014-02-03,Mexico,Product B,14799.149542107385,46687.939318947596,139,127,106.46870174177975,367.62156944053226
2014-02-03,Mexico,Overhead,15205.342766765218,45792.246612919065,179,122,84.946048976342,375.34628371245134
2014-02-10,United States,Product A,15657.784200990503,71858.31274165974,161,184,97.25331801857456,390.53430837858554
2014-02-10,United States,Product B,14310.155049708981,45315.08156801655,135,131,106.00114851636282,345.91665319096603
2014-02-10,United States,Overhead,15646.472717358622,47011.915025050934,185,157,84.5755282019385,299.43894920414607
2014-02-10,Canada,Product A,14837.853056309295,72629.40384615384,138,223,107.52067432108186,325.692393928941
2014-02-10,Canada,Product B,15087.246030333783,45383.24487756569,126,142,119.74004785979193,319.600316039195
2014-02-10,Canada,Overhead,15298.83928985491,45988.10852062414,183,149,83.60021469866071,308.6450236283499
2014-02-10,Mexico,Product A,15821.840776503608,77965.30713028912,144,210,109.87389428127506,371.26336728709106
2014-02-10,Mexico,Product B,14799.149542107385,46687.939318947596,169,110,87.56893220181885,424.4358119904327
2014-02-10,Mexico,Overhead,15205.342766765218,45792.246612919065,132,137,115.19199065731226,334.24997527678147
2014-02-17,United States,Product A,15657.784200990503,71858.31274165974,171,180,91.56598947947663,399.2128485647763
2014-02-17,United States,Product B,14310.155049708981,45315.08156801655,145,133,98.6907244807516,340.7148990076432
2014-02-17,United States,Overhead,15646.472717358622,47011.915025050934,187,147,83.67097709817445,319.8089457486458
2014-02-17,Canada,Product A,14837.853056309295,72629.40384615384,152,231,97.61745431782431,314.4130036630037
2014-02-17,Canada,Product B,15087.246030333783,45383.24487756569,122,119,123.6659510683097,381.3718056938293
2014-02-17,Canada,Overhead,15298.83928985491,45988.10852062414,159,132,96.21911503053403,348.39476151987986
2014-02-17,Mexico,Product A,15821.840776503608,77965.30713028912,136,234,116.33706453311477,333.18507320636377
2014-02-17,Mexico,Product B,14799.149542107385,46687.939318947596,166,150,89.15150326570713,311.252928792984
2014-02-17,Mexico,Overhead,15205.342766765218,45792.246612919065,174,145,87.3870273952024,315.8085973304763
2014-02-24,United States,Product A,15657.784200990503,71858.31274165974,155,245,101.01796258703551,293.29923568024384
2014-02-24,United States,Product B,14310.155049708981,45315.08156801655,159,104,90.0009751554024,435.7219381540053
2014-02-24,United States,Overhead,15646.472717358622,47011.915025050934,134,131,116.764721771333,358.8695803439003
2014-02-24,Canada,Product A,14837.853056309295,72629.40384615384,148,187,100.25576389398172,388.39253393665155
2014-02-24,Canada,Product B,15087.246030333783,45383.24487756569,144,110,104.77254187731793,412.5749534324153
2014-02-24,Canada,Overhead,15298.83928985491,45988.10852062414,160,153,95.61774556159318,300.5758726838179
2014-02-24,Mexico,Product A,15821.840776503608,77965.30713028912,129,267,122.64992850002797,292.0048956190604
2014-02-24,Mexico,Product B,14799.149542107385,46687.939318947596,163,116,90.79232847918641,402.4822355081689
2014-02-24,Mexico,Overhead,15205.342766765218,45792.246612919065,126,107,120.6773235457557,427.964921616066
2014-03-03,United States,Product A,15657.784200990503,71858.31274165974,166,187,94.32400121078616,384.26905209443714
2014-03-03,United States,Product B,14310.155049708981,45315.08156801655,116,147,123.36340560093949,308.26586100691526
2014-03-03,United States,Overhead,15646.472717358622,47011.915025050934,177,123,88.39815094552894,382.2106912605767
2014-03-03,Canada,Product A,14837.853056309295,72629.40384615384,129,171,115.02211671557593,424.7333558254611
2014-03-03,Canada,Product B,15087.246030333783,45383.24487756569,152,106,99.25819756798542,428.1438195996763
2014-03-03,Canada,Overhead,15298.83928985491,45988.10852062414,138,128,110.86115427431095,359.2820978173761
2014-03-03,Mexico,Product A,15821.840776503608,77965.30713028912,172,261,91.98744637502098,298.7176518401882
2014-03-03,Mexico,Product B,14799.149542107385,46687.939318947596,137,122,108.02298935844807,382.6880272044885
2014-03-03,Mexico,Overhead,15205.342766765218,45792.246612919065,166,127,91.5984504022001,360.56887096786664
2014-03-10,United States,Product A,15657.784200990503,71858.31274165974,143,173,109.49499441252101,415.3659696049696
2014-03-10,United States,Product B,14310.155049708981,45315.08156801655,158,129,90.57060158043659,351.27970207764764
2014-03-10,United States,Overhead,15646.472717358622,47011.915025050934,127,145,123.20057257762694,324.22010362104095
2014-03-10,Canada,Product A,14837.853056309295,72629.40384615384,136,189,109.10186070815658,384.28256003256
2014-03-10,Canada,Product B,15087.246030333783,45383.24487756569,151,119,99.91553662472704,381.3718056938293
2014-03-10,Canada,Overhead,15298.83928985491,45988.10852062414,125,149,122.39071431883929,308.6450236283499
2014-03-10,Mexico,Product A,15821.840776503608,77965.30713028912,138,179,114.65102011959137,435.56037502954814
2014-03-10,Mexico,Product B,14799.149542107385,46687.939318947596,174,141,85.0525835753298,331.1201370138127
2014-03-10,Mexico,Overhead,15205.342766765218,45792.246612919065,181,125,84.0074186009128,366.3379729033525
2014-03-17,United States,Product A,15657.784200990503,71858.31274165974,172,189,91.03362907552618,380.2027129188346
2014-03-17,United States,Product B,14310.155049708981,45315.08156801655,129,138,110.93143449386807,328.370156289975
2014-03-17,United States,Overhead,15646.472717358622,47011.915025050934,141,152,110.9678916124725,309.288914638493
2014-03-17,Canada,Product A,14837.853056309295,72629.40384615384,157,212,94.50861819305284,342.5915275761974
2014-03-17,Canada,Product B,15087.246030333783,45383.24487756569,128,105,117.86910961198268,432.22137978633987
2014-03-17,Canada,Overhead,15298.83928985491,45988.10852062414,180,129,84.99355161030506,356.4969652761561
2014-03-17,Mexico,Product A,15821.840776503608,77965.30713028912,141,219,112.21163671279155,356.00596863145716
2014-03-17,Mexico,Product B,14799.149542107385,46687.939318947596,178,136,83.14128956240104,343.29367146284994
2014-03-17,Mexico,Overhead,15205.342766765218,45792.246612919065,152,140,100.03514978135011,327.0874758065647
2014-03-24,United States,Product A,15657.784200990503,71858.31274165974,174,166,89.98726552293392,432.8814020581912
2014-03-24,United States,Product B,14310.155049708981,45315.08156801655,115,130,124.43613086703462,348.5775505232042
2014-03-24,United States,Overhead,15646.472717358622,47011.915025050934,181,139,86.44460064839018,338.2152160075607
2014-03-24,Canada,Product A,14837.853056309295,72629.40384615384,135,195,109.91002263932812,372.4584812623274
2014-03-24,Canada,Product B,15087.246030333783,45383.24487756569,161,138,93.70960267288064,328.86409331569337
2014-03-24,Canada,Overhead,15298.83928985491,45988.10852062414,172,117,88.94674005729598,393.0607565865311
2014-03-24,Mexico,Product A,15821.840776503608,77965.30713028912,137,206,115.48788887958838,378.47236471014133
2014-03-24,Mexico,Product B,14799.149542107385,46687.939318947596,145,158,102.06310029039575,295.49328682878223
2014-03-24,Mexico,Overhead,15205.342766765218,45792.246612919065,152,123,100.03514978135011,372.2946879099111
2014-03-31,United States,Product A,15657.784200990503,71858.31274165974,145,193,107.9847186275207,372.3228639464235
2014-03-31,United States,Product B,14310.155049708981,45315.08156801655,142,134,100.77573978668296,338.17225050758617
2014-03-31,United States,Overhead,15646.472717358622,47011.915025050934,145,160,107.9067083955767,293.8244689065683
2014-03-31,Canada,Product A,14837.853056309295,72629.40384615384,140,248,105.98466468792354,292.8604993796526
2014-03-31,Canada,Product B,15087.246030333783,45383.24487756569,161,134,93.70960267288064,338.680931922132
2014-03-31,Canada,Overhead,15298.83928985491,45988.10852062414,161,105,95.02384652083795,437.9819859107061
2014-03-31,Mexico,Product A,15821.840776503608,77965.30713028912,141,258,112.21163671279155,302.19111290809735
2014-03-31,Mexico,Product B,14799.149542107385,46687.939318947596,172,137,86.04156710527549,340.7878782404934
2014-03-31,Mexico,Overhead,15205.342766765218,45792.246612919065,174,124,87.3870273952024,369.2923113945086
2014-04-07,United States,Product A,15657.784200990503,71858.31274165974,157,232,99.73110956044907,309.7341066450851
2014-04-07,United States,Product B,14310.155049708981,45315.08156801655,139,124,102.95075575330202,365.44420619368185
2014-04-07,United States,Overhead,15646.472717358622,47011.915025050934,149,109,105.00988400911827,431.3019727068893
2014-04-07,Canada,Product A,14837.853056309295,72629.40384615384,161,234,92.16057798949873,310.38206771860615
2014-04-07,Canada,Product B,15087.246030333783,45383.24487756569,161,132,93.70960267288064,343.81246119367944
2014-04-07,Canada,Overhead,15298.83928985491,45988.10852062414,134,123,114.17044246160381,373.8870611432857
2014-04-07,Mexico,Product A,15821.840776503608,77965.30713028912,169,201,93.6203596242817,387.8871001506921
2014-04-07,Mexico,Product B,14799.149542107385,46687.939318947596,133,138,111.27180106847658,338.3184008619391
2014-04-07,Mexico,Overhead,15205.342766765218,45792.246612919065,123,116,123.62067290053022,394.7607466630954
2014-04-14,United States,Product A,15657.784200990503,71858.31274165974,169,191,92.64961065674854,376.2215326788468
2014-04-14,United States,Product B,14310.155049708981,45315.08156801655,151,137,94.76923873979457,330.76701874464635
2014-04-14,United States,Overhead,15646.472717358622,47011.915025050934,151,155,103.61902461826902,303.30267758097375
2014-04-14,Canada,Product A,14837.853056309295,72629.40384615384,150,210,98.9190203753953,345.85430402930405
2014-04-14,Canada,Product B,15087.246030333783,45383.24487756569,178,143,84.75980915917856,317.36534879416564
2014-04-14,Canada,Overhead,15298.83928985491,45988.10852062414,159,145,96.21911503053403,317.1593691077527
2014-04-14,Mexico,Product A,15821.840776503608,77965.30713028912,168,237,94.17762366966433,328.9675406341313
2014-04-14,Mexico,Product B,14799.149542107385,46687.939318947596,122,120,121.30450444350316,389.06616099123
2014-04-14,Mexico,Overhead,15205.342766765218,45792.246612919065,132,150,115.19199065731226,305.2816440861271
2014-04-21,United States,Product A,15657.784200990503,71858.31274165974,144,200,108.73461250687849,359.2915637082987
2014-04-21,United States,Product B,14310.155049708981,45315.08156801655,145,106,98.6907244807516,427.50076950959004
2014-04-21,United States,Overhead,15646.472717358622,47011.915025050934,174,121,89.92225699631392,388.52822334752835
2014-04-21,Canada,Product A,14837.853056309295,72629.40384615384,138,230,107.52067432108186,315.780016722408
2014-04-21,Canada,Product B,15087.246030333783,45383.24487756569,142,107,106.24821148122382,424.1424754912681
2014-04-21,Canada,Overhead,15298.83928985491,45988.10852062414,138,113,110.86115427431095,406.9744116869393
2014-04-21,Mexico,Product A,15821.840776503608,77965.30713028912,143,240,110.64224319233293,324.85544637620467
2014-04-21,Mexico,Product B,14799.149542107385,46687.939318947596,175,154,84.5665688120422,303.16843713602333
2014-04-21,Mexico,Overhead,15205.342766765218,45792.246612919065,160,138,95.03339229228261,331.8278740066599
2014-04-28,United States,Product A,15657.784200990503,71858.31274165974,135,183,115.98358667400373,392.6683756374849
2014-04-28,United States,Product B,14310.155049708981,45315.08156801655,156,106,91.73176313916014,427.50076950959004
2014-04-28,United States,Overhead,15646.472717358622,47011.915025050934,170,141,92.03807480799189,333.41783705709884
2014-04-28,Canada,Product A,14837.853056309295,72629.40384615384,158,170,93.9104623817044,427.2317873303167
2014-04-28,Canada,Product B,15087.246030333783,45383.24487756569,129,136,116.95539558398282,333.70032998210064
2014-04-28,Canada,Overhead,15298.83928985491,45988.10852062414,147,117,104.07373666567966,393.0607565865311
2014-04-28,Mexico,Product A,15821.840776503608,77965.30713028912,133,259,118.96120884589179,301.02435185439816
2014-04-28,Mexico,Product B,14799.149542107385,46687.939318947596,167,132,88.61766192878673,353.69650999202725
2014-04-28,Mexico,Overhead,15205.342766765218,45792.246612919065,161,116,94.44312277493924,394.7607466630954
2014-05-05,United States,Product A,15657.784200990503,71858.31274165974,157,234,99.73110956044907,307.0868065882895
2014-05-05,United States,Product B,14310.155049708981,45315.08156801655,134,117,106.79220186349986,387.30838947022687
2014-05-05,United States,Overhead,15646.472717358622,47011.915025050934,137,124,114.20783005371257,379.1283469762172
2014-05-05,Canada,Product A,14837.853056309295,72629.40384615384,125,235,118.70282445047437,309.0612929623568
2014-05-05,Canada,Product B,15087.246030333783,45383.24487756569,179,120,84.28629067225577,378.1937073130474
2014-05-05,Canada,Overhead,15298.83928985491,45988.10852062414,135,127,113.32473548040674,362.1110907135759
2014-05-05,Mexico,Product A,15821.840776503608,77965.30713028912,130,209,121.70646751156622,373.03974703487614
2014-05-05,Mexico,Product B,14799.149542107385,46687.939318947596,175,113,84.5665688120422,413.1676045924566
2014-05-05,Mexico,Overhead,15205.342766765218,45792.246612919065,155,107,98.09898559203366,427.964921616066
2014-05-12,United States,Product A,15657.784200990503,71858.31274165974,175,224,89.4730525770886,320.7960390252667
2014-05-12,United States,Product B,14310.155049708981,45315.08156801655,117,137,122.30901751888018,330.76701874464635
2014-05-12,United States,Overhead,15646.472717358622,47011.915025050934,161,123,97.18306035626473,382.2106912605767
2014-05-12,Canada,Product A,14837.853056309295,72629.40384615384,142,191,104.4919229317556,380.25865888038663
2014-05-12,Canada,Product B,15087.246030333783,45383.24487756569,167,153,90.3427906008011,296.622515539645
2014-05-12,Canada,Overhead,15298.83928985491,45988.10852062414,125,157,122.39071431883929,292.9178886663958
2014-05-12,Mexico,Product A,15821.840776503608,77965.30713028912,152,220,104.09105774015532,354.38775968313234
2014-05-12,Mexico,Product B,14799.149542107385,46687.939318947596,166,150,89.15150326570713,311.252928792984
2014-05-12,Mexico,Overhead,15205.342766765218,45792.246612919065,153,143,99.38132527297527,320.22550078964383
2014-05-19,United States,Product A,15657.784200990503,71858.31274165974,160,189,97.86115125619065,380.2027129188346
2014-05-19,United States,Product B,14310.155049708981,45315.08156801655,120,107,119.25129208090817,423.5054352151079
2014-05-19,United States,Overhead,15646.472717358622,47011.915025050934,133,115,117.6426520102152,408.79926108739943
2014-05-19,Canada,Product A,14837.853056309295,72629.40384615384,159,236,93.31983054282576,307.7517112125163
2014-05-19,Canada,Product B,15087.246030333783,45383.24487756569,161,142,93.70960267288064,319.600316039195
2014-05-19,Canada,Overhead,15298.83928985491,45988.10852062414,182,140,84.05955653766433,328.4864894330296
2014-05-19,Mexico,Product A,15821.840776503608,77965.30713028912,172,190,91.98744637502098,410.3437217383638
2014-05-19,Mexico,Product B,14799.149542107385,46687.939318947596,148,141,99.99425366288774,331.1201370138127
2014-05-19,Mexico,Overhead,15205.342766765218,45792.246612919065,174,145,87.3870273952024,315.8085973304763
2014-05-26,United States,Product A,15657.784200990503,71858.31274165974,132,235,118.61957728023108,305.7800542198287
2014-05-26,United States,Product B,14310.155049708981,45315.08156801655,140,104,102.215393212207,435.7219381540053
2014-05-26,United States,Overhead,15646.472717358622,47011.915025050934,143,144,109.41589312838197,326.4716321184093
2014-05-26,Canada,Product A,14837.853056309295,72629.40384615384,125,168,118.70282445047437,432.31788003663
2014-05-26,Canada,Product B,15087.246030333783,45383.24487756569,167,140,90.3427906008011,324.1660348397549
2014-05-26,Canada,Overhead,15298.83928985491,45988.10852062414,154,139,99.34311227178513,330.84970158722405
2014-05-26,Mexico,Product A,15821.840776503608,77965.30713028912,162,191,97.66568380557783,408.19532528947184
2014-05-26,Mexico,Product B,14799.149542107385,46687.939318947596,143,148,103.49055623851318,315.4590494523486
2014-05-26,Mexico,Overhead,15205.342766765218,45792.246612919065,150,108,101.36895177843479,424.0022834529543
2014-06-02,United States,Product A,15657.784200990503,71858.31274165974,133,232,117.72770075932709,309.7341066450851
2014-06-02,United States,Product B,14310.155049708981,45315.08156801655,153,117,93.53042516149661,387.30838947022687
2014-06-02,United States,Overhead,15646.472717358622,47011.915025050934,152,144,102.9373205089383,326.4716321184093
2014-06-02,Canada,Product A,14837.853056309295,72629.40384615384,167,243,88.84941949885805,298.88643558088
2014-06-02,Canada,Product B,15087.246030333783,45383.24487756569,133,121,113.43794007769762,375.06813948401395
2014-06-02,Canada,Overhead,15298.83928985491,45988.10852062414,135,132,113.32473548040674,348.39476151987986
2014-06-02,Mexico,Product A,15821.840776503608,77965.30713028912,167,219,94.74156153594974,356.00596863145716
2014-06-02,Mexico,Product B,14799.149542107385,46687.939318947596,168,115,88.0901758458773,405.98208103432694
2014-06-02,Mexico,Overhead,15205.342766765218,45792.246612919065,150,136,101.36895177843479,336.7076956832284
2014-06-09,United States,Product A,15657.784200990503,71858.31274165974,171,225,91.56598947947663,319.37027885182107
2014-06-09,United States,Product B,14310.155049708981,45315.08156801655,172,151,83.19857587040106,300.09987793388444
2014-06-09,United States,Overhead,15646.472717358622,47011.915025050934,187,153,83.67097709817445,307.2674184643852
2014-06-09,Canada,Product A,14837.853056309295,72629.40384615384,163,208,91.02977335159078,349.17982618343194
2014-06-09,Canada,Product B,15087.246030333783,45383.24487756569,165,141,91.43785472929565,321.8669849472744
2014-06-09,Canada,Overhead,15298.83928985491,45988.10852062414,138,147,110.86115427431095,312.84427565050436
2014-06-09,Mexico,Product A,15821.840776503608,77965.30713028912,179,222,88.39017193577435,351.1950771634645
2014-06-09,Mexico,Product B,14799.149542107385,46687.939318947596,142,113,104.21936297258722,413.1676045924566
2014-06-09,Mexico,Overhead,15205.342766765218,45792.246612919065,180,128,84.47412648202899,357.7519266634302
2014-06-16,United States,Product A,15657.784200990503,71858.31274165974,130,233,120.44449385377311,308.4047757152779
2014-06-16,United States,Product B,14310.155049708981,45315.08156801655,139,134,102.95075575330202,338.17225050758617
2014-06-16,United States,Overhead,15646.472717358622,47011.915025050934,160,146,97.79045448349139,321.9994179798009
2014-06-16,Canada,Product A,14837.853056309295,72629.40384615384,143,181,103.76121018398109,401.26742456438586
2014-06-16,Canada,Product B,15087.246030333783,45383.24487756569,133,154,113.43794007769762,294.6963953088681
2014-06-16,Canada,Overhead,15298.83928985491,45988.10852062414,159,126,96.21911503053403,364.98498825892176
2014-06-16,Mexico,Product A,15821.840776503608,77965.30713028912,174,236,90.93011940519315,330.3614708910556
2014-06-16,Mexico,Product B,14799.149542107385,46687.939318947596,157,108,94.26209899431456,432.29573443469997
2014-06-16,Mexico,Overhead,15205.342766765218,45792.246612919065,136,111,111.8039909320972,412.54276227855013
2014-06-23,United States,Product A,15657.784200990503,71858.31274165974,171,228,91.56598947947663,315.1680383406129
2014-06-23,United States,Product B,14310.155049708981,45315.08156801655,129,154,110.93143449386807,294.25377641569185
2014-06-23,United States,Overhead,15646.472717358622,47011.915025050934,136,125,115.04759350998987,376.09532020040746
2014-06-23,Canada,Product A,14837.853056309295,72629.40384615384,160,169,92.7365816019331,429.7597860719162
2014-06-23,Canada,Product B,15087.246030333783,45383.24487756569,172,122,87.7165466879871,371.9938104718499
2014-06-23,Canada,Overhead,15298.83928985491,45988.10852062414,152,106,100.65025848588756,433.8500803832466
2014-06-23,Mexico,Product A,15821.840776503608,77965.30713028912,160,195,98.88650485314756,399.8220878476365
2014-06-23,Mexico,Product B,14799.149542107385,46687.939318947596,136,147,108.81727604490725,317.6050293805959
2014-06-23,Mexico,Overhead,15205.342766765218,45792.246612919065,152,154,100.03514978135011,297.3522507332407
2014-06-30,United States,Product A,15657.784200990503,71858.31274165974,134,171,116.84913582828734,420.2240511208172
2014-06-30,United States,Product B,14310.155049708981,45315.08156801655,169,132,84.67547366691704,343.2960724849738
2014-06-30,United States,Overhead,15646.472717358622,47011.915025050934,175,121,89.40841552776355,388.52822334752835
2014-06-30,Canada,Product A,14837.853056309295,72629.40384615384,158,178,93.9104623817044,408.03035868625756
2014-06-30,Canada,Product B,15087.246030333783,45383.24487756569,153,115,98.60945117865218,394.6369119788321
2014-06-30,Canada,Overhead,15298.83928985491,45988.10852062414,171,135,89.46689643190005,340.65265570832696
2014-06-30,Mexico,Product A,15821.840776503608,77965.30713028912,158,184,100.13823276268107,423.7244952733104
2014-06-30,Mexico,Product B,14799.149542107385,46687.939318947596,136,130,108.81727604490725,359.13799476113536
2014-06-30,Mexico,Overhead,15205.342766765218,45792.246612919065,131,112,116.07131883026884,408.85934475820596
2014-07-07,United States,Product A,15657.784200990503,71858.31274165974,166,187,94.32400121078616,384.26905209443714
2014-07-07,United States,Product B,14310.155049708981,45315.08156801655,168,113,85.17949434350584,401.01842095589865
2014-07-07,United States,Overhead,15646.472717358622,47011.915025050934,135,155,115.89979790636016,303.30267758097375
2014-07-07,Canada,Product A,14837.853056309295,72629.40384615384,129,225,115.02211671557593,322.7973504273504
2014-07-07,Canada,Product B,15087.246030333783,45383.24487756569,147,149,102.63432673696451,304.5855360910449
2014-07-07,Canada,Overhead,15298.83928985491,45988.10852062414,172,125,88.94674005729598,367.9048681649931
2014-07-07,Mexico,Product A,15821.840776503608,77965.30713028912,145,206,109.11614328623178,378.47236471014133
2014-07-07,Mexico,Product B,14799.149542107385,46687.939318947596,133,127,111.27180106847658,367.62156944053226
2014-07-07,Mexico,Overhead,15205.342766765218,45792.246612919065,159,106,95.63108658342904,432.0023265369723
2014-07-14,United States,Product A,15657.784200990503,71858.31274165974,159,224,98.47663019490882,320.7960390252667
2014-07-14,United States,Product B,14310.155049708981,45315.08156801655,118,122,121.27250042126255,371.4350948198078
2014-07-14,United States,Overhead,15646.472717358622,47011.915025050934,130,124,120.35748244122017,379.1283469762172
2014-07-14,Canada,Product A,14837.853056309295,72629.40384615384,157,216,94.50861819305284,336.24724002849
2014-07-14,Canada,Product B,15087.246030333783,45383.24487756569,149,126,101.25668476734083,360.18448315528326
2014-07-14,Canada,Overhead,15298.83928985491,45988.10852062414,182,157,84.05955653766433,292.9178886663958
2014-07-14,Mexico,Product A,15821.840776503608,77965.30713028912,170,210,93.06965162649182,371.26336728709106
2014-07-14,Mexico,Product B,14799.149542107385,46687.939318947596,119,139,124.3626011941797,335.8844555319971
2014-07-14,Mexico,Overhead,15205.342766765218,45792.246612919065,151,121,100.69763421698819,378.4483191150336
2014-07-21,United States,Product A,15657.784200990503,71858.31274165974,151,246,103.69393510589737,292.1069623644705
2014-07-21,United States,Product B,14310.155049708981,45315.08156801655,121,127,118.26574421247092,356.8116658898941
2014-07-21,United States,Overhead,15646.472717358622,47011.915025050934,183,142,85.49985091452798,331.069824120077
2014-07-21,Canada,Product A,14837.853056309295,72629.40384615384,166,177,89.38465696571865,410.3356149500217
2014-07-21,Canada,Product B,15087.246030333783,45383.24487756569,135,142,111.75737800247246,319.600316039195
2014-07-21,Canada,Overhead,15298.83928985491,45988.10852062414,138,119,110.86115427431095,386.45469345062304
2014-07-21,Mexico,Product A,15821.840776503608,77965.30713028912,129,218,122.64992850002797,357.63902353343633
2014-07-21,Mexico,Product B,14799.149542107385,46687.939318947596,136,154,108.81727604490725,303.16843713602333
2014-07-21,Mexico,Overhead,15205.342766765218,45792.246612919065,157,155,96.84931698576571,295.43384911560685
2014-07-28,United States,Product A,15657.784200990503,71858.31274165974,152,199,103.01173816441121,361.097048953064
2014-07-28,United States,Product B,14310.155049708981,45315.08156801655,170,147,84.17738264534695,308.26586100691526
2014-07-28,United States,Overhead,15646.472717358622,47011.915025050934,129,110,121.29048618107458,427.38104568228124
2014-07-28,Canada,Product A,14837.853056309295,72629.40384615384,154,236,96.34969517083958,307.7517112125163
2014-07-28,Canada,Product B,15087.246030333783,45383.24487756569,172,136,87.7165466879871,333.70032998210064
2014-07-28,Canada,Overhead,15298.83928985491,45988.10852062414,152,131,100.65025848588756,351.0542635162148
2014-07-28,Mexico,Product A,15821.840776503608,77965.30713028912,127,258,124.58142343703628,302.19111290809735
2014-07-28,Mexico,Product B,14799.149542107385,46687.939318947596,133,152,111.27180106847658,307.15749551939206
2014-07-28,Mexico,Overhead,15205.342766765218,45792.246612919065,141,120,107.8393104025902,381.6020551076589
2014-08-04,United States,Product A,15657.784200990503,71858.31274165974,186,229,84.18163548919625,313.7917586972041
2014-08-04,United States,Product B,14310.155049708981,45315.08156801655,167,109,85.68955119586217,415.7346932845555
2014-08-04,United States,Overhead,15646.472717358622,47011.915025050934,185,152,84.5755282019385,309.288914638493
2014-08-04,Canada,Product A,14837.853056309295,72629.40384615384,168,222,88.32055390660295,327.1594767844768
2014-08-04,Canada,Product B,15087.246030333783,45383.24487756569,142,108,106.24821148122382,420.21523034783047
2014-08-04,Canada,Overhead,15298.83928985491,45988.10852062414,178,141,85.94853533626355,326.1567980186109
2014-08-04,Mexico,Product A,15821.840776503608,77965.30713028912,189,230,83.71344326192386,338.97959621864834
2014-08-04,Mexico,Product B,14799.149542107385,46687.939318947596,139,138,106.46870174177975,338.3184008619391
2014-08-04,Mexico,Overhead,15205.342766765218,45792.246612919065,137,120,110.98790340704538,381.6020551076589
2014-08-11,United States,Product A,15657.784200990503,71858.31274165974,160,186,97.86115125619065,386.33501474010615
2014-08-11,United States,Product B,14310.155049708981,45315.08156801655,125,143,114.48124039767185,316.888682293822
2014-08-11,United States,Overhead,15646.472717358622,47011.915025050934,127,121,123.20057257762694,388.52822334752835
2014-08-11,Canada,Product A,14837.853056309295,72629.40384615384,175,203,84.78773175033884,357.7803145130731
2014-08-11,Canada,Product B,15087.246030333783,45383.24487756569,177,140,85.238678137479,324.1660348397549
2014-08-11,Canada,Overhead,15298.83928985491,45988.10852062414,132,109,115.90029765041598,421.9092524827903
2014-08-11,Mexico,Product A,15821.840776503608,77965.30713028912,152,231,104.09105774015532,337.5121520791737
2014-08-11,Mexico,Product B,14799.149542107385,46687.939318947596,168,138,88.0901758458773,338.3184008619391
2014-08-11,Mexico,Overhead,15205.342766765218,45792.246612919065,162,140,93.86014053558776,327.0874758065647
2014-08-18,United States,Product A,15657.784200990503,71858.31274165974,150,195,104.38522800660336,368.5041679059474
2014-08-18,United States,Product B,14310.155049708981,45315.08156801655,157,127,91.14748439305083,356.8116658898941
2014-08-18,United States,Overhead,15646.472717358622,47011.915025050934,181,125,86.44460064839018,376.09532020040746
2014-08-18,Canada,Product A,14837.853056309295,72629.40384615384,174,233,85.27501756499595,311.7141795972268
2014-08-18,Canada,Product B,15087.246030333783,45383.24487756569,144,111,104.77254187731793,408.85806196005126
2014-08-18,Canada,Overhead,15298.83928985491,45988.10852062414,133,156,115.02886684101436,294.7955674398983
2014-08-18,Mexico,Product A,15821.840776503608,77965.30713028912,184,235,85.98826508969353,331.767264384209
2014-08-18,Mexico,Product B,14799.149542107385,46687.939318947596,124,154,119.34798017828537,303.16843713602333
2014-08-18,Mexico,Overhead,15205.342766765218,45792.246612919065,166,127,91.5984504022001,360.56887096786664
2014-08-25,United States,Product A,15657.784200990503,71858.31274165974,134,192,116.84913582828734,374.2620455294778
2014-08-25,United States,Product B,14310.155049708981,45315.08156801655,137,150,104.45368649422613,302.100543786777
2014-08-25,United States,Overhead,15646.472717358622,47011.915025050934,151,113,103.61902461826902,416.0346462393888
2014-08-25,Canada,Product A,14837.853056309295,72629.40384615384,128,176,115.92072700241637,412.6670673076923
2014-08-25,Canada,Product B,15087.246030333783,45383.24487756569,176,119,85.72298880871467,381.3718056938293
2014-08-25,Canada,Overhead,15298.83928985491,45988.10852062414,123,156,124.38080723459277,294.7955674398983
2014-08-25,Mexico,Product A,15821.840776503608,77965.30713028912,183,235,86.45814631969185,331.767264384209
2014-08-25,Mexico,Product B,14799.149542107385,46687.939318947596,171,136,86.54473416437067,343.29367146284994
2014-08-25,Mexico,Overhead,15205.342766765218,45792.246612919065,141,142,107.8393104025902,322.48060995013424
2014-09-01,United States,Product A,15657.784200990503,71858.31274165974,169,199,92.64961065674854,361.097048953064
2014-09-01,United States,Product B,14310.155049708981,45315.08156801655,129,143,110.93143449386807,316.888682293822
2014-09-01,United States,Overhead,15646.472717358622,47011.915025050934,173,129,90.44203882866255,364.4334498065964
2014-09-01,Canada,Product A,14837.853056309295,72629.40384615384,152,235,97.61745431782431,309.0612929623568
2014-09-01,Canada,Product B,15087.246030333783,45383.24487756569,139,118,108.54133834772506,384.60377014886177
2014-09-01,Canada,Overhead,15298.83928985491,45988.10852062414,147,120,104.07373666567966,383.23423767186785
2014-09-01,Mexico,Product A,15821.840776503608,77965.30713028912,170,225,93.06965162649182,346.5124761346183
2014-09-01,Mexico,Product B,14799.149542107385,46687.939318947596,172,130,86.04156710527549,359.13799476113536
2014-09-01,Mexico,Overhead,15205.342766765218,45792.246612919065,130,139,116.96417512896322,329.44062311452564
2014-09-08,United States,Product A,15657.784200990503,71858.31274165974,161,194,97.25331801857456,370.4036739260811
2014-09-08,United States,Product B,14310.155049708981,45315.08156801655,129,116,110.93143449386807,390.6472548966944
2014-09-08,United States,Overhead,15646.472717358622,47011.915025050934,175,133,89.40841552776355,353.47304530113485
2014-09-08,Canada,Product A,14837.853056309295,72629.40384615384,123,213,120.63295167731134,340.9831166486096
2014-09-08,Canada,Product B,15087.246030333783,45383.24487756569,162,111,93.13114833539372,408.85806196005126
2014-09-08,Canada,Overhead,15298.83928985491,45988.10852062414,133,134,115.02886684101436,343.1948397061503
2014-09-08,Mexico,Product A,15821.840776503608,77965.30713028912,164,207,96.47463888111956,376.64399579849817
2014-09-08,Mexico,Product B,14799.149542107385,46687.939318947596,168,128,88.0901758458773,364.7495259292781
2014-09-08,Mexico,Overhead,15205.342766765218,45792.246612919065,168,119,90.50799265931677,384.8087950665468
2014-09-15,United States,Product A,15657.784200990503,71858.31274165974,172,241,91.03362907552618,298.1672727869699
2014-09-15,United States,Product B,14310.155049708981,45315.08156801655,144,139,99.37607673409015,326.00778106486723
2014-09-15,United States,Overhead,15646.472717358622,47011.915025050934,181,122,86.44460064839018,385.34356577910603
2014-09-15,Canada,Product A,14837.853056309295,72629.40384615384,154,220,96.34969517083958,330.13365384615383
2014-09-15,Canada,Product B,15087.246030333783,45383.24487756569,176,148,85.72298880871467,306.6435464700384
2014-09-15,Canada,Overhead,15298.83928985491,45988.10852062414,156,126,98.06948262727506,364.98498825892176
2014-09-15,Mexico,Product A,15821.840776503608,77965.30713028912,159,252,99.50843255662646,309.3861394059092
2014-09-15,Mexico,Product B,14799.149542107385,46687.939318947596,132,115,112.11476925838929,405.98208103432694
2014-09-15,Mexico,Overhead,15205.342766765218,45792.246612919065,155,148,98.09898559203366,309.4070717089126
2014-09-22,United States,Product A,15657.784200990503,71858.31274165974,134,209,116.84913582828734,343.81967818975954
2014-09-22,United States,Product B,14310.155049708981,45315.08156801655,164,115,87.25704298603037,394.04418754796995
2014-09-22,United States,Overhead,15646.472717358622,47011.915025050934,167,129,93.69145339735701,364.4334498065964
2014-09-22,Canada,Product A,14837.853056309295,72629.40384615384,178,248,83.35872503544547,292.8604993796526
2014-09-22,Canada,Product B,15087.246030333783,45383.24487756569,126,144,119.74004785979193,315.1614227608728
2014-09-22,Canada,Overhead,15298.83928985491,45988.10852062414,137,135,111.67035977996285,340.65265570832696
2014-09-22,Mexico,Product A,15821.840776503608,77965.30713028912,182,188,86.93319107969016,414.70908048026126
2014-09-22,Mexico,Product B,14799.149542107385,46687.939318947596,142,129,104.21936297258722,361.92201022439997
2014-09-22,Mexico,Overhead,15205.342766765218,45792.246612919065,150,118,101.36895177843479,388.0698865501616
2014-09-29,United States,Product A,15657.784200990503,71858.31274165974,179,170,87.47365475413689,422.69595730388085
2014-09-29,United States,Product B,14310.155049708981,45315.08156801655,144,132,99.37607673409015,343.2960724849738
2014-09-29,United States,Overhead,15646.472717358622,47011.915025050934,137,155,114.20783005371257,303.30267758097375
2014-09-29,Canada,Product A,14837.853056309295,72629.40384615384,172,222,86.26658753668195,327.1594767844768
2014-09-29,Canada,Product B,15087.246030333783,45383.24487756569,123,117,122.66053683198197,387.8909818595358
2014-09-29,Canada,Overhead,15298.83928985491,45988.10852062414,177,135,86.43412028166615,340.65265570832696
2014-09-29,Mexico,Product A,15821.840776503608,77965.30713028912,130,262,121.70646751156622,297.5775081308745
2014-09-29,Mexico,Product B,14799.149542107385,46687.939318947596,158,145,93.6655034310594,321.98578840653516
2014-09-29,Mexico,Overhead,15205.342766765218,45792.246612919065,126,141,120.6773235457557,324.7677064746033
2014-10-06,United States,Product A,15657.784200990503,71858.31274165974,169,244,92.64961065674854,294.50128172811367
2014-10-06,United States,Product B,14310.155049708981,45315.08156801655,116,145,123.36340560093949,312.5178039173555
2014-10-06,United States,Overhead,15646.472717358622,47011.915025050934,178,115,87.90153211999225,408.79926108739943
2014-10-06,Canada,Product A,14837.853056309295,72629.40384615384,146,195,101.6291305226664,372.4584812623274
2014-10-06,Canada,Product B,15087.246030333783,45383.24487756569,126,154,119.74004785979193,294.6963953088681
2014-10-06,Canada,Overhead,15298.83928985491,45988.10852062414,166,131,92.16168246900548,351.0542635162148
2014-10-06,Mexico,Product A,15821.840776503608,77965.30713028912,158,188,100.13823276268107,414.70908048026126
2014-10-06,Mexico,Product B,14799.149542107385,46687.939318947596,130,131,113.8396118623645,356.39648335074503
2014-10-06,Mexico,Overhead,15205.342766765218,45792.246612919065,123,141,123.62067290053022,324.7677064746033
2014-10-13,United States,Product A,15657.784200990503,71858.31274165974,151,246,103.69393510589737,292.1069623644705
2014-10-13,United States,Product B,14310.155049708981,45315.08156801655,119,120,120.25340377906707,377.6256797334712
2014-10-13,United States,Overhead,15646.472717358622,47011.915025050934,131,135,119.43872303327193,348.2364075929699
2014-10-13,Canada,Product A,14837.853056309295,72629.40384615384,135,239,109.91002263932812,303.8887190215642
2014-10-13,Canada,Product B,15087.246030333783,45383.24487756569,159,122,94.88833981342002,371.9938104718499
2014-10-13,Canada,Overhead,15298.83928985491,45988.10852062414,155,111,98.70218896680588,414.3072839695869
2014-10-13,Mexico,Product A,15821.840776503608,77965.30713028912,131,263,120.77741050766113,296.4460347159282
2014-10-13,Mexico,Product B,14799.149542107385,46687.939318947596,176,133,84.08607694379197,351.0371377364481
2014-10-13,Mexico,Overhead,15205.342766765218,45792.246612919065,176,131,86.3939929929842,349.55913444976386
2014-10-20,United States,Product A,15657.784200990503,71858.31274165974,141,215,111.04811490064186,334.2247104263244
2014-10-20,United States,Product B,14310.155049708981,45315.08156801655,121,104,118.26574421247092,435.7219381540053
2014-10-20,United States,Overhead,15646.472717358622,47011.915025050934,184,157,85.03517781173164,299.43894920414607
2014-10-20,Canada,Product A,14837.853056309295,72629.40384615384,146,196,101.6291305226664,370.55818288854005
2014-10-20,Canada,Product B,15087.246030333783,45383.24487756569,139,124,108.54133834772506,365.9939103029491
2014-10-20,Canada,Overhead,15298.83928985491,45988.10852062414,152,114,100.65025848588756,403.4044607072293
2014-10-20,Mexico,Product A,15821.840776503608,77965.30713028912,175,212,90.41051872287775,367.760882690043
2014-10-20,Mexico,Product B,14799.149542107385,46687.939318947596,128,150,115.61835579771395,311.252928792984
2014-10-20,Mexico,Overhead,15205.342766765218,45792.246612919065,168,147,90.50799265931677,311.5118817205379
2014-10-27,United States,Product A,15657.784200990503,71858.31274165974,172,241,91.03362907552618,298.1672727869699
2014-10-27,United States,Product B,14310.155049708981,45315.08156801655,145,124,98.6907244807516,365.44420619368185
2014-10-27,United States,Overhead,15646.472717358622,47011.915025050934,179,146,87.41046210814872,321.9994179798009
2014-10-27,Canada,Product A,14837.853056309295,72629.40384615384,127,208,116.83348863235666,349.17982618343194
2014-10-27,Canada,Product B,15087.246030333783,45383.24487756569,157,145,96.09710847346359,312.9878957073496
2014-10-27,Canada,Overhead,15298.83928985491,45988.10852062414,150,143,101.99226193236606,321.5951644798891
2014-10-27,Mexico,Product A,15821.840776503608,77965.30713028912,153,211,103.41072402943534,369.50382526203373
2014-10-27,Mexico,Product B,14799.149542107385,46687.939318947596,133,125,111.27180106847658,373.5035145515808
2014-10-27,Mexico,Overhead,15205.342766765218,45792.246612919065,144,118,105.59265810253623,388.0698865501616
2014-11-03,United States,Product A,15657.784200990503,71858.31274165974,132,212,118.61957728023108,338.95430538518747
2014-11-03,United States,Product B,14310.155049708981,45315.08156801655,129,153,110.93143449386807,296.17700371252647
2014-11-03,United States,Overhead,15646.472717358622,47011.915025050934,142,118,110.18642758703254,398.4060595343299
2014-11-03,Canada,Product A,14837.853056309295,72629.40384615384,161,174,92.16057798949873,417.41036693191865
2014-11-03,Canada,Product B,15087.246030333783,45383.24487756569,124,110,121.6713389543047,412.5749534324153
2014-11-03,Canada,Overhead,15298.83928985491,45988.10852062414,162,146,94.43727956700562,314.9870446618092
2014-11-03,Mexico,Product A,15821.840776503608,77965.30713028912,141,209,112.21163671279155,373.03974703487614
2014-11-03,Mexico,Product B,14799.149542107385,46687.939318947596,123,119,120.31828896022265,392.3356245289714
2014-11-03,Mexico,Overhead,15205.342766765218,45792.246612919065,140,123,108.60959119118013,372.2946879099111
2014-11-10,United States,Product A,15657.784200990503,71858.31274165974,139,217,112.6459295035288,331.1442983486624
2014-11-10,United States,Product B,14310.155049708981,45315.08156801655,146,132,98.01476061444508,343.2960724849738
2014-11-10,United States,Overhead,15646.472717358622,47011.915025050934,148,147,105.71941025242312,319.8089457486458
2014-11-10,Canada,Product A,14837.853056309295,72629.40384615384,176,194,84.30598327448463,374.3783703409992
2014-11-10,Canada,Product B,15087.246030333783,45383.24487756569,179,127,84.28629067225577,357.34838486272196
2014-11-10,Canada,Overhead,15298.83928985491,45988.10852062414,150,110,101.99226193236606,418.0737138238558
2014-11-10,Mexico,Product A,15821.840776503608,77965.30713028912,177,185,89.38893094069834,421.43409259615737
2014-11-10,Mexico,Product B,14799.149542107385,46687.939318947596,119,131,124.3626011941797,356.39648335074503
2014-11-10,Mexico,Overhead,15205.342766765218,45792.246612919065,155,120,98.09898559203366,381.6020551076589
2014-11-17,United States,Product A,15657.784200990503,71858.31274165974,172,215,91.03362907552618,334.2247104263244
2014-11-17,United States,Product B,14310.155049708981,45315.08156801655,127,106,112.67838621818095,427.50076950959004
2014-11-17,United States,Overhead,15646.472717358622,47011.915025050934,129,114,121.29048618107458,412.38521951799066
2014-11-17,Canada,Product A,14837.853056309295,72629.40384615384,128,238,115.92072700241637,305.1655623787977
2014-11-17,Canada,Product B,15087.246030333783,45383.24487756569,147,133,102.63432673696451,341.22740509447885
2014-11-17,Canada,Overhead,15298.83928985491,45988.10852062414,153,143,99.99241365918242,321.5951644798891
2014-11-17,Mexico,Product A,15821.840776503608,77965.30713028912,151,253,104.78040249340138,308.16326928968033
2014-11-17,Mexico,Product B,14799.149542107385,46687.939318947596,144,131,102.77187182019017,356.39648335074503
2014-11-17,Mexico,Overhead,15205.342766765218,45792.246612919065,150,144,101.36895177843479,318.00171258971574
2014-11-24,United States,Product A,15657.784200990503,71858.31274165974,173,207,90.50742312711273,347.1416074476316
2014-11-24,United States,Product B,14310.155049708981,45315.08156801655,121,115,118.26574421247092,394.04418754796995
2014-11-24,United States,Overhead,15646.472717358622,47011.915025050934,173,126,90.44203882866255,373.11043670675343
2014-11-24,Canada,Product A,14837.853056309295,72629.40384615384,160,207,92.7365816019331,350.86668524712
2014-11-24,Canada,Product B,15087.246030333783,45383.24487756569,165,120,91.43785472929565,378.1937073130474
2014-11-24,Canada,Overhead,15298.83928985491,45988.10852062414,167,123,91.60981610691563,373.8870611432857
2014-11-24,Mexico,Product A,15821.840776503608,77965.30713028912,156,208,101.42205625963851,374.8332073571592
2014-11-24,Mexico,Product B,14799.149542107385,46687.939318947596,131,113,112.97060719165943,413.1676045924566
2014-11-24,Mexico,Overhead,15205.342766765218,45792.246612919065,154,109,98.73599199198193,420.1123542469639
2014-12-01,United States,Product A,15657.784200990503,71858.31274165974,185,168,84.63667135670542,427.7280520336889
2014-12-01,United States,Product B,14310.155049708981,45315.08156801655,148,109,96.69023682235797,415.7346932845555
2014-12-01,United States,Overhead,15646.472717358622,47011.915025050934,126,126,124.1783548996716,373.11043670675343
2014-12-01,Canada,Product A,14837.853056309295,72629.40384615384,122,215,121.62174636319095,337.8111806797853
2014-12-01,Canada,Product B,15087.246030333783,45383.24487756569,181,113,83.35495044383306,401.6216360846521
2014-12-01,Canada,Overhead,15298.83928985491,45988.10852062414,127,152,120.46330149492056,302.55334553042195
2014-12-01,Mexico,Product A,15821.840776503608,77965.30713028912,129,250,122.64992850002797,311.8612285211565
2014-12-01,Mexico,Product B,14799.149542107385,46687.939318947596,139,134,106.46870174177975,348.41745760408656
2014-12-01,Mexico,Overhead,15205.342766765218,45792.246612919065,181,143,84.0074186009128,320.22550078964383
2014-12-08,United States,Product A,15657.784200990503,71858.31274165974,145,194,107.9847186275207,370.4036739260811
2014-12-08,United States,Product B,14310.155049708981,45315.08156801655,138,105,103.69677572252886,431.5722054096814
2014-12-08,United States,Overhead,15646.472717358622,47011.915025050934,165,156,94.82710737793104,301.3584296477624
2014-12-08,Canada,Product A,14837.853056309295,72629.40384615384,120,177,123.64877546924413,410.3356149500217
2014-12-08,Canada,Product B,15087.246030333783,45383.24487756569,175,153,86.21283445905019,296.622515539645
2014-12-08,Canada,Overhead,15298.83928985491,45988.10852062414,154,135,99.34311227178513,340.65265570832696
2014-12-08,Mexico,Product A,15821.840776503608,77965.30713028912,156,205,101.42205625963851,380.318571367264
2014-12-08,Mexico,Product B,14799.149542107385,46687.939318947596,169,133,87.56893220181885,351.0371377364481
2014-12-08,Mexico,Overhead,15205.342766765218,45792.246612919065,180,131,84.47412648202899,349.55913444976386
2014-12-15,United States,Product A,15657.784200990503,71858.31274165974,152,166,103.01173816441121,432.8814020581912
2014-12-15,United States,Product B,14310.155049708981,45315.08156801655,124,122,115.40447620733049,371.4350948198078
2014-12-15,United States,Overhead,15646.472717358622,47011.915025050934,176,147,88.90041316681035,319.8089457486458
2014-12-15,Canada,Product A,14837.853056309295,72629.40384615384,143,208,103.76121018398109,349.17982618343194
2014-12-15,Canada,Product B,15087.246030333783,45383.24487756569,177,116,85.238678137479,391.23486963418696
2014-12-15,Canada,Overhead,15298.83928985491,45988.10852062414,181,123,84.52397397709895,373.8870611432857
2014-12-15,Mexico,Product A,15821.840776503608,77965.30713028912,134,255,118.07343863062394,305.74630247172206
2014-12-15,Mexico,Product B,14799.149542107385,46687.939318947596,175,135,84.5665688120422,345.83658754775996
2014-12-15,Mexico,Overhead,15205.342766765218,45792.246612919065,144,132,105.59265810253623,346.9109591887808
2014-12-22,United States,Product A,15657.784200990503,71858.31274165974,166,243,94.32400121078616,295.71322115909356
2014-12-22,United States,Product B,14310.155049708981,45315.08156801655,116,120,123.36340560093949,377.6256797334712
2014-12-22,United States,Overhead,15646.472717358622,47011.915025050934,181,133,86.44460064839018,353.47304530113485
2014-12-22,Canada,Product A,14837.853056309295,72629.40384615384,157,233,94.50861819305284,311.7141795972268
2014-12-22,Canada,Product B,15087.246030333783,45383.24487756569,160,143,94.29528768958615,317.36534879416564
2014-12-22,Canada,Overhead,15298.83928985491,45988.10852062414,178,119,85.94853533626355,386.45469345062304
2014-12-22,Mexico,Product A,15821.840776503608,77965.30713028912,159,192,99.50843255662646,406.0693079702558
2014-12-22,Mexico,Product B,14799.149542107385,46687.939318947596,143,144,103.49055623851318,324.22180082602495
2014-12-22,Mexico,Overhead,15205.342766765218,45792.246612919065,174,118,87.3870273952024,388.0698865501616
